[1,["f8fdui3i9OqJ+t/bAOpGCU"],0,[["sp.SkeletonData",["_name","_atlasText","textureNames","_skeletonJson","textures"],-1,3]],[[0,0,1,2,3,4,5]],[[0,"skeleton","\nskeleton.png\nsize: 541,292\nformat: RGBA8888\nfilter: Linear,Linear\nrepeat: none\nEFFECT1\n  rotate: false\n  xy: 2, 2\n  size: 288, 288\n  orig: 288, 288\n  offset: 0, 0\n  index: -1\nLayer 4\n  rotate: false\n  xy: 292, 3\n  size: 153, 83\n  orig: 159, 87\n  offset: 1, 2\n  index: -1\nLayer 8\n  rotate: true\n  xy: 482, 177\n  size: 113, 57\n  orig: 117, 60\n  offset: 0, 0\n  index: -1\nLayer 9\n  rotate: false\n  xy: 447, 3\n  size: 83, 83\n  orig: 89, 89\n  offset: 3, 3\n  index: -1\ncr\n  rotate: true\n  xy: 292, 88\n  size: 202, 188\n  orig: 202, 188\n  offset: 0, 0\n  index: -1\n",["skeleton.png"],{"skeleton":{"hash":"OhIW9/W29yAqa0o9qP7xXnwWu84","spine":"3.8.75","x":-162.4,"y":-132.08,"width":359.27,"height":260.68,"images":"C:/Users/PCPhanHuynh/Downloads/New folder (7)","audio":""},"bones":[{"name":"root"},{"name":"Layer 7","parent":"root","x":1.87,"y":-0.9},{"name":"Layer 9","parent":"root","x":8.9,"y":-11.97,"scaleX":0.1,"scaleY":0.1},{"name":"Layer 10","parent":"root","x":-15.67,"y":-26.53,"scaleX":0.1,"scaleY":0.1},{"name":"Layer 11","parent":"root","x":40.3,"y":8.05,"scaleX":0.1,"scaleY":0.1},{"name":"Layer 12","parent":"root","x":-37.05,"y":-2.42,"scaleX":0.1,"scaleY":0.1},{"name":"Layer 13","parent":"root","x":39.84,"y":-3.78,"scaleX":0.1,"scaleY":0.1},{"name":"Layer 14","parent":"root","x":23.01,"y":13.51,"scaleX":0.1,"scaleY":0.1},{"name":"Layer 15","parent":"root","x":-19.76,"y":21.24,"scaleX":0.1,"scaleY":0.1},{"name":"Layer 16","parent":"root","x":-0.2,"y":32.62,"scaleX":0.1,"scaleY":0.1},{"name":"Layer 8","parent":"root","x":-8.05,"y":-41.4,"scaleX":2.0313,"scaleY":2.0313},{"name":"Layer 4","parent":"root","x":7.48,"y":-48.3,"scaleX":1.9887,"scaleY":1.9887},{"name":"Layer 6","parent":"root","x":6.33,"y":-80.5,"scaleX":2.2596,"scaleY":2.2596},{"name":"bone","parent":"Layer 7"},{"name":"bone2","parent":"root","y":-60.71,"scaleY":0.4956},{"name":"vx","parent":"bone2","shearX":-180}],"slots":[{"name":"vx","bone":"vx","attachment":"EFFECT1","blend":"additive"},{"name":"Layer 15","bone":"Layer 15","color":"ffffff00","attachment":"Layer 9","blend":"screen"},{"name":"Layer 4","bone":"Layer 4","color":"ffffff00","attachment":"Layer 4","blend":"additive"},{"name":"Layer 5","bone":"Layer 6","color":"ffffff00","attachment":"Layer 4","blend":"additive"},{"name":"Layer 8","bone":"Layer 8","color":"ffffff00","attachment":"Layer 8","blend":"screen"},{"name":"Layer 16","bone":"Layer 16","color":"ffffff00","attachment":"Layer 9","blend":"screen"},{"name":"Layer 7","bone":"Layer 7","color":"ffffff00","attachment":"cr"},{"name":"Layer 9","bone":"Layer 9","color":"ffffff00","attachment":"Layer 9","blend":"screen"},{"name":"Layer 10","bone":"Layer 10","color":"ffffff00","attachment":"Layer 9","blend":"screen"},{"name":"Layer 11","bone":"Layer 11","color":"ffffff00","attachment":"Layer 9","blend":"screen"},{"name":"Layer 12","bone":"Layer 12","color":"ffffff00","attachment":"Layer 9","blend":"screen"},{"name":"Layer 13","bone":"Layer 13","color":"ffffff00","attachment":"Layer 9","blend":"screen"},{"name":"Layer 14","bone":"Layer 14","color":"ffffff00","attachment":"Layer 9","blend":"screen"}],"skins":[{"name":"default","attachments":{"vx":{"EFFECT1":{"width":288,"height":288}},"Layer 4":{"Layer 4":{"x":4.83,"y":45.45,"width":159,"height":87}},"Layer 5":{"Layer 4":{"x":4.83,"y":45.45,"width":159,"height":87}},"Layer 7":{"cr":{"width":202,"height":188}},"Layer 8":{"Layer 8":{"x":5.84,"y":27.56,"width":117,"height":60}},"Layer 9":{"Layer 9":{"x":0.13,"y":0.47,"width":89,"height":89}},"Layer 10":{"Layer 9":{"x":0.13,"y":0.47,"width":89,"height":89}},"Layer 11":{"Layer 9":{"x":0.13,"y":0.47,"width":89,"height":89}},"Layer 12":{"Layer 9":{"x":0.13,"y":0.47,"width":89,"height":89}},"Layer 13":{"Layer 9":{"x":0.13,"y":0.47,"width":89,"height":89}},"Layer 14":{"Layer 9":{"x":0.13,"y":0.47,"width":89,"height":89}},"Layer 15":{"Layer 9":{"x":0.13,"y":0.47,"width":89,"height":89}},"Layer 16":{"Layer 9":{"x":0.13,"y":0.47,"width":89,"height":89}}}}],"animations":{"mohopqua":{"slots":{"Layer 5":{"color":[{"time":0.2333,"color":"ffffff00"},{"time":0.8,"color":"ffffffff"},{"time":1.1667,"color":"ffffff00","curve":"stepped"},{"time":1.2667,"color":"ffffff00"},{"time":1.8333,"color":"ffffffff"},{"time":2.3333,"color":"ffffff00"}]},"Layer 16":{"color":[{"time":0.9333,"color":"ffffff00"},{"time":1.1333,"color":"ffffffff","curve":"stepped"},{"time":2.3,"color":"ffffffff"},{"time":2.4333,"color":"ffffff00"}]},"Layer 12":{"color":[{"time":0.4333,"color":"ffffff00"},{"time":0.6333,"color":"ffffffff","curve":"stepped"},{"time":1.8,"color":"ffffffff"},{"time":1.9333,"color":"ffffff00"}]},"Layer 4":{"color":[{"color":"ffffffff"},{"time":0.5,"color":"ffffff00"},{"time":1,"color":"ffffffff"},{"time":1.6667,"color":"ffffff00"},{"time":2.3333,"color":"ffffffff"}]},"Layer 7":{"color":[{"color":"ffffffff"}]},"Layer 15":{"color":[{"time":0.8,"color":"ffffff00"},{"time":1,"color":"ffffffff","curve":"stepped"},{"time":2.1667,"color":"ffffffff"},{"time":2.3,"color":"ffffff00"}]},"vx":{"color":[{"color":"ffffff00"},{"time":1.2667,"color":"ffffffff"},{"time":2.5,"color":"ffffff00"}]},"Layer 8":{"color":[{"color":"ffffff00"},{"time":0.6667,"color":"ffffffff"},{"time":1.1667,"color":"ffffff00"},{"time":1.7333,"color":"ffffffff"},{"time":2.3,"color":"ffffff00"}]},"Layer 9":{"color":[{"time":0.0333,"color":"ffffff00"},{"time":0.2333,"color":"ffffffff","curve":"stepped"},{"time":1.4,"color":"ffffffff"},{"time":1.5333,"color":"ffffff00"}]},"Layer 13":{"color":[{"time":0.8,"color":"ffffff00"},{"time":1,"color":"ffffffff","curve":"stepped"},{"time":2.1667,"color":"ffffffff"},{"time":2.3,"color":"ffffff00"}]},"Layer 11":{"color":[{"time":1,"color":"ffffff00"},{"time":1.2,"color":"ffffffff","curve":"stepped"},{"time":2.3667,"color":"ffffffff"},{"time":2.5,"color":"ffffff00"}]},"Layer 14":{"color":[{"time":0.1667,"color":"ffffff00"},{"time":0.3667,"color":"ffffffff","curve":"stepped"},{"time":1.5333,"color":"ffffffff"},{"time":1.6667,"color":"ffffff00"}]},"Layer 10":{"color":[{"time":0.4,"color":"ffffff00"},{"time":0.6,"color":"ffffffff","curve":"stepped"},{"time":1.7667,"color":"ffffffff"},{"time":1.9,"color":"ffffff00"}]}},"bones":{"Layer 6":{"translate":[{"y":-12.95},{"time":1.1667}],"scale":[{},{"time":1.1667,"x":1.096,"y":1.359},{"time":2.3333}]},"Layer 11":{"translate":[{"time":1},{"time":2.4667,"y":38.67}],"scale":[{"time":1},{"time":1.7667,"x":10,"y":10},{"time":2.4667}]},"Layer 16":{"translate":[{"time":0.9333},{"time":2.4,"y":38.67}],"scale":[{"time":0.9333},{"time":1.7,"x":10,"y":10},{"time":2.4}]},"Layer 9":{"translate":[{"time":0.0333},{"time":1.5,"y":38.67}],"scale":[{"time":0.0333},{"time":0.8,"x":10,"y":10},{"time":1.5}]},"Layer 10":{"translate":[{"time":0.4},{"time":1.8667,"y":38.67}],"scale":[{"time":0.4},{"time":1.1667,"x":10,"y":10},{"time":1.8667}]},"Layer 15":{"translate":[{"time":0.8},{"time":2.2667,"y":38.67}],"scale":[{"time":0.8},{"time":1.5667,"x":10,"y":10},{"time":2.2667}]},"Layer 12":{"translate":[{"time":0.4333},{"time":1.9,"y":38.67}],"scale":[{"time":0.4333},{"time":1.2,"x":10,"y":10},{"time":1.9}]},"Layer 14":{"translate":[{"time":0.1667},{"time":1.6333,"y":38.67}],"scale":[{"time":0.1667},{"time":0.9333,"x":10,"y":10},{"time":1.6333}]},"Layer 7":{"translate":[{},{"time":1.2667,"y":14.74},{"time":2.5}]},"Layer 13":{"translate":[{"time":0.8},{"time":2.2667,"y":38.67}],"scale":[{"time":0.8},{"time":1.5667,"x":10,"y":10},{"time":2.2667}]},"vx":{"rotate":[{},{"time":1.2667,"angle":180},{"time":2.5}]}}}}},[0]]],0,0,[0],[-1],[0]]