[1,["7efga5GXhJEb3kwveduUg7"],0,[["sp.SkeletonData",["_name","_atlasText","textureNames","_skeletonJson","textures"],-1,3]],[[0,0,1,2,3,4,5]],[[0,"skeleton","\nskeleton.png\nsize: 669,611\nformat: RGBA8888\nfilter: Linear,Linear\nrepeat: none\n10\n  rotate: false\n  xy: 368, 2\n  size: 161, 203\n  orig: 300, 252\n  offset: 81, 14\n  index: -1\n7\n  rotate: true\n  xy: 2, 28\n  size: 161, 202\n  orig: 300, 252\n  offset: 93, 16\n  index: -1\n8\n  rotate: false\n  xy: 531, 88\n  size: 106, 199\n  orig: 300, 252\n  offset: 107, 19\n  index: -1\n9\n  rotate: false\n  xy: 206, 5\n  size: 160, 199\n  orig: 300, 252\n  offset: 81, 19\n  index: -1\nas1\n  rotate: false\n  xy: 330, 207\n  size: 93, 402\n  orig: 114, 481\n  offset: 14, 9\n  index: -1\nas3\n  rotate: false\n  xy: 190, 206\n  size: 138, 403\n  orig: 153, 437\n  offset: 3, 0\n  index: -1\nas4\n  rotate: false\n  xy: 567, 310\n  size: 100, 299\n  orig: 115, 353\n  offset: 9, 0\n  index: -1\nas5\n  rotate: false\n  xy: 2, 191\n  size: 186, 418\n  orig: 201, 440\n  offset: 14, 12\n  index: -1\nclub\n  rotate: true\n  xy: 425, 289\n  size: 320, 140\n  orig: 363, 162\n  offset: 16, 22\n  index: -1\n",["skeleton.png"],{"skeleton":{"hash":"CIuAQe25LQ7/SQneNsJnS4ES2dY","spine":"3.8.75","images":"C:/Users/PCPhanHuynh/Downloads/New folder (10)","audio":""},"bones":[{"name":"root"},{"name":"bone","parent":"root","x":-68.89,"y":2.53},{"name":"bone2","parent":"root","x":-41.79,"y":-77.14},{"name":"bone3","parent":"root","x":-16.93,"y":-101.57},{"name":"bone4","parent":"root"},{"name":"bone5","parent":"root"},{"name":"bone12","parent":"bone5","length":222.99,"rotation":111.44,"x":32.46,"y":-189.33},{"name":"bone6","parent":"root"},{"name":"bone7","parent":"root"},{"name":"bone9","parent":"root","y":-99.69},{"name":"bone11","parent":"bone4","length":235.15,"rotation":86.71,"x":12.01,"y":-189.33},{"name":"bone14","parent":"bone6","length":236.66,"rotation":84.69,"x":-12.28,"y":-129.51},{"name":"bone15","parent":"bone7","length":245.54,"rotation":72.1,"x":-55.54,"y":-192.47},{"name":"bone16","parent":"root","y":-99.69},{"name":"bone10","parent":"root","x":-9.4,"y":-99.69},{"name":"bone13","parent":"root","x":-41.38,"y":-77.12},{"name":"bone17","parent":"root","x":-69.6},{"name":"bone18","parent":"root","y":-99.69},{"name":"bone8","parent":"root","x":172.17,"y":-106.91},{"name":"bone19","parent":"root","x":205.03,"y":-142.96}],"slots":[{"name":"7","bone":"bone","attachment":"7"},{"name":"12","bone":"bone17","blend":"additive"},{"name":"8","bone":"bone2","attachment":"8"},{"name":"11","bone":"bone13","blend":"additive"},{"name":"9","bone":"bone3","attachment":"9"},{"name":"13","bone":"bone8","attachment":"10"},{"name":"10","bone":"bone10","blend":"additive"},{"name":"14","bone":"bone19","color":"ffffff00","attachment":"10","blend":"additive"},{"name":"as1","bone":"bone11","blend":"additive"},{"name":"as3","bone":"bone12","blend":"additive"},{"name":"as4","bone":"bone14","blend":"additive"},{"name":"as5","bone":"bone15","blend":"additive"},{"name":"club","bone":"bone9","attachment":"club"},{"name":"club2","bone":"bone16","blend":"additive"},{"name":"club3","bone":"bone18","blend":"additive"}],"skins":[{"name":"default","attachments":{"7":{"7":{"width":300,"height":252}},"8":{"8":{"width":300,"height":252}},"9":{"9":{"x":0.5,"y":0.5,"width":300,"height":252}},"10":{"9":{"x":0.5,"y":0.5,"width":300,"height":252}},"11":{"8":{"width":300,"height":252}},"12":{"7":{"width":300,"height":252}},"13":{"10":{"width":300,"height":252}},"14":{"10":{"x":-33.86,"y":37.62,"width":300,"height":252}},"as3":{"as3":{"x":192.5,"y":-0.41,"rotation":-99.68,"width":153,"height":437}},"as4":{"as4":{"x":130.64,"y":-0.68,"rotation":-84.69,"width":115,"height":353}},"as5":{"as5":{"x":200.38,"y":5.82,"rotation":-72.1,"width":201,"height":440}},"club":{"club":{"x":0.5,"width":363,"height":162}},"club2":{"club":{"x":0.5,"width":363,"height":162}},"club3":{"club":{"x":0.5,"width":363,"height":162}},"as1":{"as1":{"x":189.83,"y":12.01,"rotation":-90,"width":114,"height":481}}}}],"animations":{"loading":{"slots":{"7":{"attachment":[{"name":null},{"time":0.6667,"name":"7"}]},"8":{"attachment":[{"name":null},{"time":1.1333,"name":"8"}]},"9":{"attachment":[{"name":null},{"time":1.6,"name":"9"}]},"10":{"color":[{"time":2.6667,"color":"ffffffff"},{"time":3,"color":"ffffff00"}],"attachment":[{"time":2.6667,"name":"9"}]},"11":{"color":[{"time":2.5333,"color":"ffffffff"},{"time":2.8667,"color":"ffffff00"}],"attachment":[{"time":2.5333,"name":"8"}]},"12":{"color":[{"time":2.4667,"color":"ffffffff"},{"time":2.7333,"color":"ffffff00"}],"attachment":[{"time":2.4667,"name":"7"},{"time":4,"name":null}]},"13":{"attachment":[{"name":null},{"time":2.1667,"name":"10"}]},"14":{"color":[{"time":2.8333,"color":"ffffffff"},{"time":3.1,"color":"ffffff00"}]},"as5":{"attachment":[{"name":"as5"}]},"as1":{"attachment":[{"name":"as1"}]},"club2":{"color":[{"time":0.3333,"color":"ffffffff"},{"time":0.6667,"color":"ffffff00"}],"attachment":[{"time":0.3333,"name":"club"},{"time":2.3333,"name":null}]},"as3":{"attachment":[{"name":"as3"}]},"as4":{"attachment":[{"name":"as4"}]},"club3":{"color":[{"time":0.3333,"color":"ffffffff"},{"time":0.6667,"color":"ffffff00"},{"time":2.0667,"color":"ffffffff"},{"time":2.3333,"color":"ffffff00"}],"attachment":[{"time":0.3333,"name":"club"},{"time":0.6667,"name":null},{"time":2.0667,"name":"club"}]}},"bones":{"bone14":{"rotate":[{},{"time":0.5,"angle":49.6},{"time":1},{"time":1.5,"angle":-37.8},{"time":2},{"time":2.5,"angle":49.6},{"time":3},{"time":3.5,"angle":-42.67},{"time":4}],"translate":[{"x":-374.84,"y":-97.36}]},"bone16":{"translate":[{"x":31.64,"y":-113.28}],"scale":[{"x":0.1,"y":0.1},{"time":0.3333,"x":1.2,"y":1.2},{"time":0.6667,"x":3,"y":3}]},"bone10":{"translate":[{"time":1.6,"x":126.57,"y":331.02},{"time":1.8,"x":126.57,"y":48.68},{"time":1.9333,"x":126.57,"y":77.89},{"time":2.6667,"x":126.57,"y":43.81}],"scale":[{"time":1.6,"x":0.1,"y":0.1},{"time":1.8,"x":1.3},{"time":1.9333,"curve":"stepped"},{"time":2.6667},{"time":3,"x":1.5,"y":1.5},{"time":3.6667,"x":2,"y":2},{"time":3.8667,"x":4,"y":4}]},"bone17":{"translate":[{"time":0.6667,"x":-116.83,"y":328.59},{"time":0.8667,"x":-116.83,"y":-53.55},{"time":1,"x":-116.83},{"time":1.1333,"x":-116.83,"y":-55.98}],"scale":[{"time":0.6667,"x":0.1,"y":0.1},{"time":0.8667,"x":1.3},{"time":1,"curve":"stepped"},{"time":2.4667},{"time":2.7333,"x":1.5,"y":1.5},{"time":3.6667,"x":2,"y":2},{"time":3.8667,"x":4,"y":4}]},"bone18":{"translate":[{"x":31.64,"y":-113.28}],"scale":[{"x":0.1,"y":0.1},{"time":0.3333,"x":1.2,"y":1.2},{"time":0.6667,"x":3,"y":3},{"time":2.0667},{"time":2.3333,"x":1.5,"y":1.5},{"time":3.6667,"x":2,"y":2},{"time":3.8667,"x":4,"y":4}]},"bone3":{"translate":[{"time":1.6,"x":126.57,"y":331.02},{"time":1.8,"x":126.57,"y":48.68},{"time":1.9333,"x":126.57,"y":77.89},{"time":2.0667,"x":126.57,"y":43.81}],"scale":[{"time":1.6,"x":0.1,"y":0.1},{"time":1.8,"x":1.3},{"time":1.9333}]},"bone15":{"rotate":[{},{"time":0.5,"angle":-39.61},{"time":1},{"time":1.5,"angle":77.59},{"time":2},{"time":2.5,"angle":-40.2},{"time":3},{"time":3.5,"angle":65.77},{"time":4}],"translate":[{"x":216.63,"y":-48.68}],"scale":[{"x":0.8,"y":0.8}]},"bone11":{"rotate":[{"angle":3.29},{"time":0.5,"angle":60.87},{"time":1,"angle":3.29},{"time":1.5,"angle":-55.43},{"time":2,"angle":3.29},{"time":2.5,"angle":60.87},{"time":3,"angle":3.29},{"time":3.5,"angle":-55.43},{"time":4,"angle":3.29}],"translate":[{"x":351.02,"y":20.45}]},"bone13":{"translate":[{"time":1.1333,"y":340.76},{"time":1.3333,"y":26.77},{"time":1.4667,"y":60.85},{"time":1.6,"y":21.91}],"scale":[{"time":1.1333,"x":0.1,"y":0.1},{"time":1.3333,"x":1.3},{"time":1.4667,"curve":"stepped"},{"time":2.5333},{"time":2.8667,"x":1.5,"y":1.5},{"time":3.6667,"x":2,"y":2},{"time":3.8667,"x":4,"y":4}]},"bone19":{"translate":[{"time":1.6,"x":126.57,"y":331.02},{"time":1.8,"x":126.57,"y":48.68},{"time":1.9333,"x":126.57,"y":77.89},{"time":2.8333,"x":126.57,"y":43.81}],"scale":[{"time":1.6,"x":0.1,"y":0.1},{"time":1.8,"x":1.3},{"time":1.9333,"curve":"stepped"},{"time":2.8333},{"time":3.1,"x":1.5,"y":1.5},{"time":3.6667,"x":2,"y":2},{"time":3.8667,"x":4,"y":4}]},"bone12":{"rotate":[{},{"time":0.5,"angle":-71.48},{"time":1},{"time":1.5,"angle":44.51},{"time":2},{"time":2.5,"angle":-71.48},{"time":3},{"time":3.5,"angle":44.51},{"time":4}],"translate":[{"x":-224.5,"y":17.81}]},"bone2":{"translate":[{"time":1.1333,"y":340.76},{"time":1.3333,"y":26.77},{"time":1.4667,"y":60.85},{"time":1.6,"y":21.91}],"scale":[{"time":1.1333,"x":0.1,"y":0.1},{"time":1.3333,"x":1.3},{"time":1.4667}]},"bone8":{"translate":[{"time":2,"x":126.57,"y":331.02},{"time":2.1667,"x":126.57,"y":48.68},{"time":2.3333,"x":126.57,"y":77.89},{"time":2.5,"x":126.57,"y":43.81}],"scale":[{"time":2,"x":0.1,"y":0.1},{"time":2.1667,"x":1.3},{"time":2.3333}]},"bone":{"translate":[{"time":0.6667,"x":-116.83,"y":328.59},{"time":0.8667,"x":-116.83,"y":-53.55},{"time":1,"x":-116.83},{"time":1.1333,"x":-116.83,"y":-55.98}],"scale":[{"time":0.6667,"x":0.1,"y":0.1},{"time":0.8667,"x":1.3},{"time":1}]},"bone9":{"translate":[{"x":31.64,"y":-113.28}],"scale":[{"x":0.1,"y":0.1},{"time":0.3333,"x":1.2,"y":1.2},{"time":0.6667}]}}}}},[0]]],0,0,[0],[-1],[0]]